Sentence,Answer,Score
The President: Good evening.,Good evening,0.026044469326734543
"If I were smart, I'd go home now.",If I were smart,0.1392502635717392
"In January 1941, President Franklin Roosevelt came to this chamber to speak to the nation.",President Franklin Roosevelt came to this chamber to speak to the nation,0.010529491119086742
"He said, ""I address you at a moment unprecedented in the history of the Union.""","""I address you at a moment unprecedented in the history of the Union",0.16936945915222168
Hitler was on the march.,Hitler was on the march,0.12797904014587402
War was raging in Europe.,War was raging in Europe,0.020592138171195984
President Roosevelt’s purpose was to wake up the Congress and alert the American people that this was no ordinary time.,no ordinary time,0.10723230987787247
Freedom and democracy were under assault in the world.,Freedom and democracy were under assault,0.015974070876836777
Tonight I come to the same chamber to address the nation.,Tonight I come to the same chamber to address the nation,0.0023033132310956717
Now it is we who face an unprecedented moment in the history of the Union.,we who face an unprecedented moment in the history of the Union,0.022156018763780594
"And yes, my purpose tonight is to wake up this Congress, and alert the American people that this is no ordinary moment either.",my purpose tonight is to wake up this Congress,0.02958833985030651
Not since President Lincoln and the Civil War have freedom and democracy been under assault here at home as they are today.,freedom and democracy,0.010175347328186035
"What makes our moment rare is that freedom and democracy are under attack, both at home and overseas, at the very same time.",freedom and democracy are under attack,0.008729040622711182
"Overseas, Putin of Russia is on the march, invading Ukraine and sowing chaos throughout Europe and beyond.",Putin,0.116180419921875
"If anybody in this room thinks Putin will stop at Ukraine, I assure you, he will not.",he will not,0.14239312708377838
Ukraine can stop Putin if we stand with Ukraine and provide the weapons it needs to defend itself.,Ukraine can stop Putin if we stand with Ukraine,0.06208047270774841
That is all Ukraine is asking.,Ukraine is asking,0.21408939361572266
They are not asking for American soldiers.,They are not asking for American soldiers,0.449542373418808
"In fact, there are no American soldiers at war in Ukraine.",there are no American soldiers at war in Ukraine,0.29738110303878784
And I am determined to keep it that way.,I am determined to keep it that way.,0.003549295011907816
But now assistance for Ukraine is being blocked by those who want us to walk away from our world leadership.,assistance for Ukraine is being blocked,0.05824269726872444
"It wasn’t that long ago when a Republican President, Ronald Reagan, thundered, ""Mr.",Ronald Reagan,0.008749259635806084
"Gorbachev, tear down this wall.""",tear down this wall,0.5013295412063599
"Now, my predecessor, a former Republican President, tells Putin, ""Do whatever the hell you want.""","Do whatever the hell you want.""",0.17346630990505219
"A former American President actually said that, bowing down to a Russian leader.",bowing down to a Russian leader,0.2660141885280609
America is a founding member of NATO the military alliance of democratic nations created after World War II to prevent war and keep the peace.,America is a founding member of NATO,0.030057573691010475
"Today, we’ve made NATO stronger than ever.",we’ve made NATO stronger than ever,0.07758019864559174
"We welcomed Finland to the Alliance last year, and just this morning, Sweden officially join and their Prime Minister is here tonight.",Prime Minister is here tonight.,0.0007681941497139633
And they know how to fight.,they know how to fight,0.09909472614526749
"Prime Minister, welcome to NATO, the strongest military alliance the world has ever seen.",welcome to NATO,0.11474677175283432
I say this to Congress: we must stand up to Putin.,we must stand up to Putin,0.1683463603258133
Send me the Bipartisan National Security Bill.,Send me the Bipartisan National Security Bill,0.07360446453094482
History is literally watching.,History is literally watching,0.1692584753036499
"If the United States walks away now, it will put Ukraine at risk.","If the United States walks away now, it will put Ukraine at risk",0.05952848494052887
"The free world at risk, emboldening others who wish to do us harm.",The free world at risk,0.3927426338195801
"My message to President Putin, who've I've know for a long time is simple.",President Putin,0.0847100168466568
We will not walk away.,We will not walk away,0.3258954584598541
We will not bow down.,We will not bow down,0.1566089242696762
I will not bow down.,I will not bow down,0.24874652922153473
"In a literal sence, history is watching.",history is watching,0.44717350602149963
History is watching just like history watched three years ago on January 6th.,History is watching just like history watched three years ago on January 6th.,0.005764910019934177
Insurrectionists stormed this very Capitol and placed a dagger at the throat of American democracy.,Insurrectionists,0.0218370258808136
Many of you were here on that darkest of days.,darkest of days.,0.0009405731689184904
We all saw with our own eyes these insurrectionists were not patriots.,not patriots,0.15147367119789124
They had come to stop the peaceful transfer of power and to overturn the will of the people.,They had come to stop the peaceful transfer of power,0.09027130156755447
"January 6th lies about the 2020 election, and the plots to steal the election, posed the gravest threat to our democracy since the Civil War.",January 6th lies about the 2020 election,0.11494498699903488
America stood strong and democracy prevailed.,America stood strong and democracy prevailed,0.22416403889656067
But we must be honest the threat remains and democracy must be defended.,the threat remains and democracy must be defended,0.024976765736937523
My predecessor and some of you here seek to bury the truth of January 6th.,bury the truth of January 6th,0.014396945014595985
I will not do that.,I will not do that,0.15437264740467072
This is a moment to speak the truth and bury the lies.,speak the truth,0.205487459897995
And here’s the simplest truth.,here’s the simplest truth,0.06072049215435982
You can’t love your country only when you win.,You can’t love your country only when you win,0.1508582979440689
"As I’ve done ever since being elected to office, I ask you all, without regard to party, to join together and defend our democracy.",to join together and defend our democracy,0.08056265115737915
Remember your oath of office to defend against all threats foreign and domestic.,Remember your oath of office to defend against all threats foreign and domestic,0.039933398365974426
Respect free and fair elections!,Respect free and fair elections,0.06582336127758026
Restore trust in our institutions!,Restore trust in our institutions,0.06255145370960236
"And make clear –political violence has absolutely no place, no place in America.","political violence has absolutely no place, no place in America",0.1317032128572464
It's not hyperbole to suggest history is watching.,history is watching,0.20434267818927765
Your children and grandchildren will read about this day and what we do.,Your children and grandchildren will read about this day and what we do.,0.0006636993493884802
And history is watching another assault on freedom.,freedom,0.006055665202438831
"Joining us tonight is Latorya Beasley, a social worker from Birmingham, Alabama. 14 months ago, 14 months ago she and her husband welcomed a baby girl thanks to the miracle of IVF.",miracle of IVF,0.0002768330159597099
"She scheduled treatments to have a second child, but the Alabama Supreme Court shut down IVF treatments across the state, unleashed by the Supreme Court decision overturning Roe v.",She scheduled treatments to have a second child,0.03981773182749748
She was told her dream would have to wait.,her dream would have to wait,0.1529572308063507
What her family has gone through should never have happened.,What her family has gone through should never have happened,0.12243635952472687
"And unless Congress acts, it could happen again.","unless Congress acts, it could happen again",0.006666422821581364
"So tonight, let’s stand up for families like hers!",let’s stand up for families like hers,0.0010727617191150784
"To my friends across the aisle, don’t keep families waiting any longer.",don’t keep families waiting any longer,0.22625650465488434
Guarantee the right to IVF.,Guarantee the right to IVF,0.6342960000038147
"Like most Americans, I believe Roe v.",Roe v,0.07411421835422516
Wade got it right.,Wade got it right,0.1316593587398529
"And I thank Vice President Harris for being an incredible leader, defending reproductive freedom and so much more.",defending reproductive freedom,0.04866162687540054
But my predecessor came to office determined to see Roe v.,Roe v,0.006759360898286104
He’s the reason it was overturned.,He’s the reason it was overturned,0.18786510825157166
"In fact, he brags about it.",brags about it,0.2060529738664627
Look at the chaos that has resulted.,chaos that has resulted.,0.0005122677539475262
"Joining us tonight is Kate Cox, a wife and mother from Dallas.","Kate Cox, a wife and mother",0.003448368748649955
"When she became pregnant again, the fetus had a fatal condition.","When she became pregnant again, the fetus had a fatal condition",0.12151455879211426
Her doctors told Kate that her own life and her ability to have children in the future were at risk if she didn’t act.,her own life and her ability to have children in the future were at risk,0.021284090355038643
"Because Texas law banned abortion, Kate and her husband had to leave the state to get the care she needed.",Texas law banned abortion,0.08569632470607758
What her family has gone through should never have happened as well.,What her family has gone through should never have happened as well,0.10232478380203247
But it is happening to so many others.,it is happening to so many others.,0.001647795899771154
"There are state laws banning the freedom to choose, criminalizing doctors, and forcing survivors of rape and incest to leave their states as well to get the care they need.",state laws,0.03136516734957695
Many of you in this Chamber and my predecessor are promising to pass a national ban on reproductive freedom.,a national ban on reproductive freedom,0.0906067043542862
"My God, what freedoms will you take away next?",My God,0.028615664690732956
Looks in its decision to overturn Roe v.,decision to overturn Roe v.,0.0009142167982645333
"Wade the Supreme Court majority wrote the following -- and will all due respect, Justices. ""Women are not without electoral power -- excuse me -- electoral or political power.""",Women are not without electoral power,0.11908978968858719
You're about to realize just how much you .,You're about to realize just how much you .,2.3605640308232978e-05
"Clearly -- Clearly, those bragging about overturning Roe v.",bragging about overturning Roe v.,0.11099826544523239
Wade have no clue about the power of women in America.,Wade have no clue about the power of women in America,0.08503931760787964
"But they found out when reproductive freedom was on the ballot and won in 2022, 2023, and they will find out again, in 2024.",reproductive freedom,0.2618941068649292
"If you the American people send me a Congress that supports the right to choose, I promise you, I will restore Roe v.",I will restore Roe v,0.11160171031951904
Wade as the law of the land again!,Wade as the law of the land,0.02038721740245819
"Folks, America cannot go back.",America cannot go back,0.5415087342262268
I am here tonight to show what I believe the way forward.,the way forward,0.007121158763766289
Because I know how far we’ve come.,Because I know how far we’ve come,0.11320753395557404
"Four years ago next week, before I came to office, the country was hit by the worst pandemic and the worst economic crisis in a century.",worst pandemic and the worst economic crisis in a century,0.0005571359070017934
Remember the spike in crime.,spike in crime,0.034400079399347305
And the murder rate.,the murder rate,0.2892487347126007
"A raging virus that would take more than 1 million American lives of loved ones, millions of loved ones behind.",A raging virus,0.20961053669452667
A mental health crisis of isolation and loneliness.,A mental health crisis of isolation and loneliness,0.411718487739563
"A president, my predecessor, failed the most basic duty.","A president, my predecessor, failed the most basic duty",0.008073029108345509
Any President owes the American people the duty to care.,Any President owes the American people the duty to care,0.10858985036611557
I came to office determined to get us through one of the toughest periods in our nation’s history.,get us through one of the toughest periods in our nation’s history,0.006666093599051237
It doesn’t make the news but in thousands of cities and towns the American people are writing the greatest comeback story never told.,doesn’t make the news,0.13101662695407867
"So let’s tell the story here, tell it here and now.",let’s tell the story,0.013782544061541557
"America’s comeback is building a future of American possibilities, building an economy from the middle out and the bottom up, not the top down, investing in all of America, in all Americans to make sure everyone has a fair shot and we leave no one, no one behind!",America’s comeback is building a future of American possibilities,0.01544842217117548
The pandemic no longer controls our lives.,The pandemic no longer controls our lives,0.18861523270606995
The vaccines that saved us from COVID are now being used to help beat cancer.,vaccines,0.00441198842599988
Turning setback into comeback.,Turning setback into comeback,0.3262709975242615
That’s what America does!,America does!,0.09410413354635239
That's what America does.,America does,0.3371821343898773
"Folks, I inherited an economy that was on the brink.",I inherited an economy that was on the brink,0.10386435687541962
Now our economy is the envy of the world! 15 million new jobs in just three years – a record!,our economy is the envy of the world,0.005075319670140743
Unemployment at 50-year lows.,Unemployment at 50-year lows,0.8015336990356445
A record 16 million Americans are starting small businesses and each one is an act of hope.,A record 16 million Americans are starting small businesses,0.027438247576355934
"With historic job growth and small business growth for Black, Hispanic, and Asian-Americans. 800,000 new manufacturing jobs in America and counting.",historic job growth,0.01472438219934702
Where is it writing we can't be the manufacturing capital of the world?,we can't be the manufacturing capital of the world,0.2098570615053177
More people have health insurance today than ever before.,More people have health insurance,0.14389561116695404
The racial wealth gap is the smallest it’s been in 20 years.,The racial wealth gap,0.20497754216194153
Wages keep going up and inflation keeps coming down!,Wages keep going up and inflation keeps coming down,0.011490819975733757
Inflation has dropped from 9 percent to 3 percent – the lowest in the world!,Inflation has dropped from 9 percent to 3 percent,0.022597968578338623
That landing is and will be soft.,landing is and will be soft,0.4774906635284424
"And now instead of importing foreign products and exporting American jobs, we’re exporting American products and creating American jobs – right here in America where they belong!",we’re exporting American products and creating American jobs,0.042174290865659714
"And it takes time, but the American people are beginning to feel it.",the American people are beginning to feel it,0.05010385811328888
Consumer studies show consumer confidence is soaring.,consumer confidence is soaring,0.042503710836172104
Buy America has been the law of the land since the 1930s.,Buy America has been the law of the land,0.19420579075813293
"Past administrations including my predecessor, including some Democrats as well in the past, failed to Buy American.",failed to Buy American,0.17889027297496796
"On my watch, federal projects that you fund like helping to build American roads, bridges, and highways will be made with American products built by American workers.",will be made with American products built by American workers,0.007768928539007902
Creating good-paying American jobs!,Creating good-paying American jobs,0.2759886384010315
Thanks to our Chips and Science Act the United States is investing more in research and development than ever before.,the United States is investing more in research and development than ever before,0.0018224036321043968
During the pandemic a shortage of semiconductor chips drove up prices for everything from cell phones to automobiles.,shortage of semiconductor chips drove up prices,0.010622491128742695
"And by the way, we invented those chips right here in America.",we invented those chips,0.0019268020987510681
Well instead of having to import them private companies are now investing billions of dollars to build new chip factories here in America!,private companies are now investing billions of dollars to build new chip factories,0.01159017626196146
"Creating tens of thousands of jobs many of those jobs paying over $100,000 a year and don’t require a college degree.",Creating tens of thousands of jobs,0.19579322636127472
In fact my policies have attracted $650 Billion in private sector investments in clean energy and advanced manufacturing creating tens of thousands of jobs here in America!,my policies have attracted $650 Billion,0.016456738114356995
"And thanks to our Bipartisan Infrastructure Law, 46,000 new projects have been announced across your communities – and by the way, I noticed some of you strongly voted against it, but they're cheering on that money coming in.",some of you strongly voted against it,0.0022283331491053104
If any of you don't want that money in your district just let me know.,If any of you don't want that money,0.027471190318465233
"Modernizing our roads and bridges, ports and airports, and public transit systems.","Modernizing our roads and bridges, ports and airports, and public transit systems",0.6127297878265381
Removing poisonous lead pipes so every child can drink clean water without risk of brain damage.,Removing poisonous lead pipes,0.2127973884344101
Providing affordable high speed internet for every American no matter where you live.,Providing affordable high speed internet,0.2543940246105194
"Urban, suburban, and rural communities -- in red states and blue states.","Urban, suburban, and rural communities",0.09032228589057922
Record investments in tribal communities.,Record investments in tribal communities,0.7954078316688538
"Because of my investments, family farms led by my Secretary of Agriculture, knows more about this than anybody I know, we are better be able to stay in the family and children and grandchildren won’t have to leave, leave home to make a living.",we are better be able to stay in the family,0.03304944559931755
"A great comeback story is Belvidere, Illinois.",comeback story,0.004145062528550625
Home to an auto plant for nearly 60 years.,Home to an auto plant for nearly 60 years.,5.1075203373329714e-05
Before I came to office the plant was on its way to shutting down.,Before I came to office the plant was on its way to shutting down,0.0043826596811413765
Thousands of workers feared for their livelihoods.,Thousands of workers feared for their livelihoods,0.04516245052218437
Then I was elected to office and we raised Belvidere repeatedly with the auto company knowing unions make all the difference.,unions make all the difference,0.14102523028850555
The UAW worked like hell to keep the plant open and get those jobs back.,The UAW worked like hell,0.02478087693452835
"And together, we succeeded!",we succeeded,0.008703487925231457
Instead of an auto factory shutting down an auto factory is re-opening and a new state-of-the art battery factory is being built to power those cars.,state-of-the art battery factory is being built to power those cars,0.0040986607782542706
"Folks, to the folks of Belvidere, I say instead of a town being left behind your community moving forward again!",instead of a town being left behind your community moving forward again!,0.06513212621212006
"Because instead of watching auto jobs of the future go overseas 4,000 union jobs with higher wages are building that future, in Belvidere, right here in America!",instead of watching auto jobs of the future go overseas,0.01080069225281477
"Here tonight is UAW President, Shawn Fain, a great friend, and a great labor leader.","a great friend, and a great labor leader",0.003401754191145301
"Shawn, where are you?",Shawn,0.002824523951858282
"And Dawn Simms, a third generation UAW worker in Belvidere.",Dawn Simms,0.0009470833465456963
"Shawn, I was proud to be the first President to stand in the a picket line.",proud to be the first President to stand in the a picket line,0.006916825193911791
And today Dawn has a job in her hometown providing stability for her family and pride and dignity as well.,Dawn,0.0226456206291914
"Showing once again, Wall Street didn’t build this America -- they're not bad guys.",Wall Street didn’t build this America,0.21838290989398956
They didn't build it though.,They didn't build it,0.14569006860256195
The middle class built this country!,The middle class built this country!,0.07741101086139679
And unions built the middle class!,unions built the middle class,0.199056476354599
"I say to the American people, when Americans gets knocked down, we get back up!","when Americans gets knocked down, we get back up!",0.13048680126667023
"That’s you, the American people!",the American people,0.16607017815113068
It’s because of you America is coming back!,America is coming back,0.20219574868679047
"It’s because of you, our future is brighter!",our future is brighter,0.17527858912944794
It’s because of you that tonight we can proudly say the State of our Union is strong and getting stronger!,the State of our Union is strong and getting stronger!,0.06853090226650238
Tonight I want to talk about the future of possibilities that we can build together.,future of possibilities,0.008060376159846783
A future where the days of trickle-down economics are over and the wealthy and biggest corporations no longer get all the tax breaks.,A future where the days of trickle-down economics are over,0.08048295229673386
"And by the way, I understand corporations.",corporations,0.018672293052077293
I come from a state that has more corporation than everyone of yours states in the United States combined.,I come from a state that has more corporation,0.028469789773225784
And I represented them for 36 years.,I represented them for 36 years,0.03834615647792816
But I grew up in a home where not a lot trickled down on my Dad’s kitchen table.,not a lot trickled down on my Dad’s kitchen table.,0.0018715820042416453
That’s why I’m determined to turn things around so the middle class does well.,I’m determined to turn things around so the middle class does well,0.007860416546463966
When they do well the poor have a way up and the wealthy still does well.,the poor have a way up and the wealthy still does well,0.036968301981687546
We all do well.,We all do well,0.3984653651714325
And there’s more to do to make sure you’re feeling the benefits of all we’re doing.,benefits of all we’re doing.,0.0015801475383341312
Americans pay more for prescription drugs than anywhere in the world.,Americans pay more for prescription drugs,0.08626159280538559
It’s wrong and I’m ending it.,It’s wrong,0.3171055316925049
With a law I proposed and signed and not one Republican buddies voted for it we finally beat Big Pharma!,we finally beat Big Pharma,0.03633731231093407
"Instead of paying $400 a month or thereabouts for insulin with diabetes it only cost $10 bucks to make, they only get paid 35 a month and still make a healthy profit.",they only get paid 35 a month and still make a healthy profit,0.017419636249542236
What to do next?,What to do next,1.223039816977689e-05
I want to cap the cost of insulin at $35 a month for every American who needs it!,I want to cap the cost of insulin,0.00040756980888545513
For years people have talked about it but I finally got it done and gave Medicare the power to negotiate lower prices for prescription drugs just like the VA is able to do for our veterans.,gave Medicare the power to negotiate lower prices for prescription drugs,0.050015565007925034
That’s not just saving seniors money.,saving seniors money,0.18623988330364227
It’s saving taxpayers money cutting the federal deficit by $160 billion because Medicare will no longer have to pay exorbitant prices to Big Pharma.,It’s saving taxpayers money,0.16752846539020538
This year Medicare is negotiating lower prices for some of the costliest drugs on the market that treat everything from heart disease to arthritis.,lower prices,0.023396242409944534
Now it’s time to go further and give Medicare the power to negotiate lower prices for 500 different drugs over the next decade.,give Medicare the power to negotiate lower prices,0.007453138008713722
"They're making a lot of money, guys.",They're making a lot of money,0.20229744911193848
And they'll still be extremely profitable.,they'll still be extremely profitable,0.15341264009475708
That will not only save lives it will save taxpayers another $200 Billion!,That will not only save lives it will save taxpayers another $200 Billion,0.05638524517416954
"Starting next year that same law caps total prescription drug costs for seniors on Medicare at $2,000 a year even for expensive cancer drugs that can cost $10,000, $12,000, $15,000.",caps total prescription drug costs,0.01259592454880476
"Now I want to cap prescription drug costs at $2,000 a year for everyone!",Now I want to cap prescription drug costs,0.00023663081810809672
"Folks, I'm going to get in trouble for saying it, but anyone want to get into AirForce One we can fly to Toronto, Berlin, Moscow -- I mean, excuse me -- well, even Moscow probably.",I'm going to get in trouble for saying it,0.05843115225434303
And bring your prescription with you and I promise you I'll get if for you for 40 percent the cost you're paying now.,bring your prescription,0.03074144572019577
"Same company, same drug, same place.","Same company, same drug, same place",0.4606773257255554
"Folks, the Affordable Care Act, Obamacare is still a very big deal.",the Affordable Care Act,0.10645904392004013
Over one hundred million of you can no longer be denied health insurance because of pre-existing conditions.,Over one hundred million of you can no longer be denied health insurance,0.03357033059000969
But my predecessor and many in this chamber want to take that protection away by repealing the Affordable Care Act.,repealing the Affordable Care Act,0.0699218139052391
I'm not going to let that happen!,I'm not going to let that happen!,0.0056379796005785465
We stopped you 50 times before and we will stop you again!,We stopped you 50 times before and we will stop you again!,0.03851563110947609
In fact I am protecting it and expanding it.,I am protecting it and expanding it,0.11562029272317886
I enacted tax credits that save $800 per person per year reducing health care premiums for millions of working families.,I enacted tax credits,0.07186681032180786
Those tax credits expire next year.,Those tax credits expire next year,0.08504439890384674
I want to make those savings permanent!,I want to make those savings permanent,0.048426635563373566
"To state the obvious, women are more than half of our population but research on women’s health has always been underfunded.",women are more than half of our population,0.14444445073604584
"That’s why we’re launching the first-ever White House Initiative on Women’s Health Research, led by Jill who is doing an incredible job as First Lady.",Women’s Health Research,0.004664312116801739
Pass my plan for $12 Billion to transform women’s health research and benefit millions of lives across America!,Pass my plan for $12 Billion,0.006111857481300831
I know the cost of housing is so important to you.,the cost of housing,0.017883405089378357
If inflation keeps coming down mortgage rates will come down as well and the Fed acknowledges that.,If inflation keeps coming down,0.02654535509645939
But I’m not waiting.,But I’m not waiting,0.15920542180538177
I want to provide an annual tax credit that will give Americans $400 a month for the next two years as mortgage rates come down to put toward their mortgage when they buy a first home or trade up for a little more space.,I want to provide an annual tax credit,0.05904258042573929
That's for two years.,two years,0.23235569894313812
My Administration is also eliminating title insurance federally backed mortgages.,My Administration is also eliminating title insurance federally backed mortgages,0.01501404494047165
"When you refinance your home, you can save you $1,000 or more as a consequence.",When you refinance your home,0.00458929780870676
"For millions of renters, we’re cracking down on big landlords who break antitrust laws by price-fixing and driving up rents.",we’re cracking down on big landlords who break antitrust laws,0.0014304263750091195
"We’ve cut red tape so more builders can get federal financing, which is already helping build a record 1.7 million new housing units nationwide.",We’ve cut red tape so more builders can get federal financing,0.07704932242631912
Now pass and build and renovate 2 million affordable homes and bring those rents down!,bring those rents down,0.02059311233460903
To remain the strongest economy in the world we need to have the best education system in the world.,we need to have the best education system in the world,0.007180945947766304
"And I, like I suspect all of you, want to give a child, every child, a good start by providing access to pre-school for 3- and 4-year-olds.",providing access to pre-school for 3- and 4-year-olds,0.025602765381336212
"You know, I think I pointed out last year -- I think I pointed out last year that children coming from broken homes where there's no books, they're not read to, not spoken to very often, start school kindergarten or first grade hearing having heard a million fewer words spoken, Well, studies show, that children who go to pre-school are nearly 50 percent more likely to finish high school and go on to earn a 2- or 4-year degree no matter their background is.","studies show, that children who go to pre-school",0.00483405077829957
"I met a year and a half ago with the leaders of the business roundtable, they were mad, angry as they were discussing why I wanted to spend money on education.","mad, angry",0.01046778168529272
"I pointed out to them, as Vice President, I met with over -- I think it was 182 -- don't know the exact number.",182,0.1018870398402214
"And I asked them what they need most, the COs.",the COs,0.029740961268544197
"And you've had the same experience, both sides of the aisle.",you've had the same experience,0.0943848118185997
"They say a better educated work force, right?",a better educated work force,0.36812880635261536
So I looked at them.,So I looked at them.,0.001088723074644804
I said I come from Deleware.,I come from Deleware,0.330014705657959
Dupont used to be the eighth largest corporation in the world.,Dupont used to be the eighth largest corporation in the world,0.0020444863475859165
And every new enterprise they bought they educated the workforce to that enterprise.,every new enterprise they bought they educated the workforce to that enterprise,0.008307062089443207
But none of you do that anymore.,none of you do that anymore,0.05312219262123108
Why are you angry with me providing you the opportunity for the best educated workforce in the world.,providing you the opportunity for the best educated workforce in the world,0.04265585541725159
"And they all looked at me and said, ""I think you're right."" I want to expand high-quality tutoring and summer learning to see to it that every child learns to read by third grade.","I think you're right.""",0.19300012290477753
I’m also connecting local businesses and high schools so students get hands-on experience and a path to a good-paying job whether or not they go to college.,I’m also connecting local businesses and high schools,0.0071238987147808075
And I want to make college more affordable.,I want to make college more affordable,0.05619121342897415
"Let’s continue increasing Pell Grants to working- and middle-class families and increase our record investments in HBCUs and and Minority-serving Institutions, including Hispanic institutions.",Let’s continue increasing Pell Grants,0.051878672093153
"When I was told I couldn't universally just change the way in which we deal with student loans, I fixed two student loan programs that already existed to reduce the burden of student debt for nearly 4 million Americans including nurses, firefighters, and others in public service like Keenan Jones a public-school educator in Minnesota who’s here with us tonight.",I couldn't universally just change the way in which we deal with student loans,0.17334865033626556
"Keenan, where are you?",Keenan,0.005005339160561562
He’s educated hundreds of students so they can go to college now he can help his own daughter get his own daughter to college.,He’s educated hundreds of students so they can go to college,0.18016940355300903
"And folks look, such relief is good for the economy because folks are now able to buy a home start a business, start a family.",relief is good for the economy,0.15568126738071442
While we’re at it I want to give public school teachers a raise!,I want to give public school teachers a raise,0.09713765233755112
"And by the way, the first couple years, we cut the deficit.",we cut the deficit,0.013976365327835083
Now let me speak to a question of fundamental fairness for all Americans.,fundamental fairness,0.3376314043998718
I’ve been delivering real results in a fiscally responsible way.,I’ve been delivering real results in a fiscally responsible way,0.1950918585062027
I’ve already cut the federal deficit by over one trillion dollars.,I’ve already cut the federal deficit by over one trillion dollars,0.20598234236240387
I signed a bipartisan budget deal that will cut another trillion dollars over the next decade.,I signed a bipartisan budget deal,0.01738203875720501
It’s my goal to cut the federal deficit $3 trillion more by making big corporations and the very wealthy finally pay their fair share.,It’s my goal to cut the federal deficit $3 trillion more,0.026551494374871254
"Look, I’m a capitalist.",I’m a capitalist,0.39476415514945984
If you want to make a million bucks that's great!,If you want to make a million bucks,0.03442967310547829
Just pay your fair share in taxes.,Just pay your fair share in taxes,0.5583807229995728
"A fair tax code is how we invest in the things that make a country great, health care, education, defense, and so much more.",A fair tax code,0.29729247093200684
But here’s the deal.,here’s the deal.,0.00437852181494236
"The last administration enacted a $2 Trillion tax cut that overwhelmingly benefit the top one percent, the very wealthy and the biggest corporations and exploded the federal deficit.",The last administration enacted a $2 Trillion tax cut,0.010886434465646744
They added more to the national debt than in any presidential term in American history.,They added more to the national debt,0.22211644053459167
For folks at home does anybody really think the tax code is fair?,tax code is fair,0.022041404619812965
The President: Do you really think the wealthy and big corporations need another $2 trillion in tax breaks?,The President,0.0002389827131992206
The President: I sure don’t.,I sure don’t,0.16876058280467987
I’m going to keep fighting like hell to make it fair!,fair,0.040493205189704895
"Under my plan nobody earning less than $400,000 will pay an additional penny in federal taxes.","nobody earning less than $400,000 will pay an additional penny",0.01714898832142353
And they haven't yet.,they haven't yet,0.10254035145044327
In fact the Child Tax Credit I passed during the pandemic cut taxes for millions of working families and cut child poverty in half.,the Child Tax Credit,0.16973410546779633
Restore the Child Tax Credit because no child should go hungry in this country!,Restore the Child Tax Credit,0.2645139992237091
The way to make the tax code fair is to make big corporations and the very wealthy finally pay their share.,The way to make the tax code fair,0.15868139266967773
"In 2020, 55 of the biggest companies in America made $40 Billion in profits and paid zero in federal income taxes.",paid zero in federal income taxes,0.01242340449243784
Thanks to the law I wrote and signed big companies now have to pay a minimum of 15 percent.,big companies now have to pay a minimum of 15 percent,0.00579466950148344
But that’s still less than working people pay in federal taxes.,less than working people pay in federal taxes,0.1659407764673233
It’s time to raise the corporate minimum tax to at least 21 percent.,It’s time to raise the corporate minimum tax,0.09880340844392776
So every big corporation finally begins to pay their fair share.,every big corporation finally begins to pay their fair share,0.03320864588022232
"I also want to end the tax breaks for Big Pharma, Big Oil, private jets, and massive executive pay!",I also want to end the tax breaks for Big Pharma,0.0032915433403104544
It's only supposed to be a million dollars that can be deducted.,It's only supposed to be a million dollars that can be deducted,0.17245374619960785
"They can pay them 20 million if they want, but deduct a million.",They can pay them 20 million,0.16006295382976532
"There are 1,000 billionaires in America.","There are 1,000 billionaires",0.07582830637693405
You know what the average federal tax rate for these billionaires is?,federal tax rate,0.00624954653903842
They've making great sacrifices. 8.2 percent!,They've making great sacrifices,0.05958518013358116
That’s far less than the vast majority of Americans pay.,That’s far less than the vast majority of Americans pay,0.2041035145521164
"No billionaire should pay a lower tax rate than a teacher, a sanitation worker, a nurse!",No billionaire should pay a lower tax rate,0.1297248750925064
That’s why I’ve proposed a minimum tax for billionaires of 25% for billionaires.,proposed a minimum tax for billionaires of 25% for billionaires,0.06666344404220581
You know what that would raise $500 billion over the next 10 years.,$500 billion,0.008769355714321136
Imagine what that could do for America.,Imagine what that could do for America,0.028256328776478767
"Imagine a future with affordable child care, millions of families can get the care they need and still go to work and help grow the economy.",Imagine a future with affordable child care,0.13604773581027985
Imagine a future with paid leave because no one should have to choose between working and taking care of yourself or a sick family member.,Imagine a future with paid leave,0.18031488358974457
Imagine a future with home care and elder care and people living with disabilities can stay in their homes and family caregivers get they pay they deserve!,Imagine a future with home care and elder care,0.003084074007347226
"Tonight, let’s all agree once again to stand up for seniors!",stand up for seniors,0.003115920117124915
Many of my friends on the other side of the aisle want to put Social Security on the chopping block.,Social Security on the chopping block,0.022362392395734787
If anyone here tries to cut Social Security or Medicare or raise the retirement age I will stop you!,If anyone here tries to cut Social Security or Medicare or raise the retirement age,0.05449582636356354
The working people who built this country pay more into Social Security than millionaires and billionaires do.,The working people who built this country pay more into Social Security,0.18925850093364716
We have two ways to go.,two ways to go.,0.0012361088301986456
Republicans will cut Social Security and give more tax cuts to the wealthy.,Republicans will cut Social Security and give more tax cuts to the wealthy,0.2565983831882477
The President: Oh no.,Oh no,0.09380921721458435
You guys don't want another $2 trillion tax cut?,You guys don't want another $2 trillion tax cut,0.004201242700219154
I kind of thought that's what your plan was.,your plan was.,0.009388033300638199
"Well, that's good to hear.","Well, that's good to hear",0.01742670126259327
You're not going to cut another $2 trillion for the super wealthy?,You're not going to cut another $2 trillion for the super wealthy,0.03428277745842934
That's good to hear.,good to hear.,0.002067180583253503
I will protect and strengthen Social Security and make the wealthy pay their fair share!,I will protect and strengthen Social Security,0.10330188274383545
Too many corporations raise their prices to pad their profits charging you more and more for less and less.,Too many corporations raise their prices,0.04029759019613266
That’s why we’re cracking down on corporations that engage in price gouging or deceptive pricing from food to health care to housing.,price gouging or deceptive pricing,0.005594581365585327
"In fact, snack companies think you won’t notice if they charge you just as much for the same size bag and put a hell of a lot fewer -- same size bag, put fewer chips in it.","same size bag, put fewer chips in it",0.00497664138674736
"No, I'm not joking.",I'm not joking,0.28241991996765137
Pass Bob Casey’s bill and stop this!,Bob Casey’s bill,0.004615947138518095
I really mean it.,I really mean it,0.2223600447177887
You probably all saw that commercial on Snikers bars.,commercial on Snikers bars.,0.004175588022917509
"You get to charge the same amount and you got about, I don't know 10 percent fewer Snikers in it.",You get to charge the same amount,0.08671419322490692
I’m also getting rid of junk fees those hidden fees added at the end of your bills without your knowledge.,I’m also getting rid of junk fees,0.008970425464212894
My administration just announced we’re cutting credit card late fees from $32 to just $8.,My administration just announced we’re cutting credit card late fees,0.00827284250408411
The banks and credit card companies are allowed to charge what it costs them to instigate the collection.,what it costs them to instigate the collection,0.0019038977334275842
And that's more hell of a lot like $8 than $30 some dollars.,$8 than $30 some dollars,0.11155533045530319
They don’t like it.,They don’t like it,0.26273348927497864
The credit card companies don't like it.,credit card companies don't like it,0.11903219670057297
But I'm saving American families $20 billion a year with all of the junk fees I’m eliminating.,I'm saving American families $20 billion a year,0.14099428057670593
"Folks at home, that's why the banks are so mad, is 20 billion dollars in profit.",20 billion dollars in profit,0.0059111756272614
And I’m not stopping there.,I’m not stopping there.,0.004466247744858265
"My Administration has proposed rules to make cable, travel, utilities, and online ticket sellers tell you the total price upfront so there are no surprises.",the total price upfront,0.01166810654103756
And so does this.,so does this.,0.011702293530106544
"In November, my team began serious negotiations with a bipartisan group of Senators.",my team began serious negotiations with a bipartisan group of Senators,0.0019978939089924097
The result was a bipartisan bill with the toughest set of border security reforms we’ve ever seen.,a bipartisan bill,0.0159353818744421
Oh you don't think so?,Oh you don't think so,0.005402051378041506
"Oh, you don't like that bill, huh?","Oh, you don't like that bill",0.14367416501045227
The conservatives got together and said it was good bill?,it was good bill,0.011893492192029953
"That bipartisan deal would hire 1,500 more border security agents and officers. 100 more immigration judges to help tackle a backload of 2 million cases. 4,300 more asylum officers and new policies so they can resolve cases in 6 months instead of 6 years now. 100 more high-tech drug detection machines to significantly increase the ability to screen and stop vehicles from smuggling fentanyl into America that's killing thousands of children.","That bipartisan deal would hire 1,500 more border security agents and officers",0.00903843343257904
This bill would save lives and bring order to the border.,This bill would save lives and bring order to the border,0.0718298852443695
It would also give me and any new President new emergency authority to temporarily shut down the border when the number of migrants at the border is overwhelming.,new emergency authority to temporarily shut down the border,0.028764283284544945
The Border Patrol Union endorsed the bill.,The Border Patrol Union endorsed the bill,0.06479271501302719
"The Federal Chamber of Commerce had -- yeah, yeah.","The Federal Chamber of Commerce had -- yeah, yeah",0.12490399926900864
Look at the facts.,Look at the facts.,0.013312557712197304
I know -- I know you now how to read. .,I know -- I know you now how to read.,0.0031558785121887922
I believe that given the opportunity a majority of the House and Senate would endorse the bill as well.,a majority of the House and Senate would endorse the bill,0.05814282223582268
The majority right now.,The majority right now,0.045684173703193665
"But unfortunately, politics have derailed this bill so far.",politics have derailed this bill,0.16233253479003906
I’m told my predecessor called members of Congress and the Senate to demand they block the bill.,my predecessor called members of Congress and the Senate to demand they block the bill,0.17165865004062653
He feels it would be a political win for me and a political loser for him.,He feels it would be a political win for me,0.08971796184778214
It’s not about him or me.,It’s not about him or me,0.1632910668849945
It’d be a winner -- Audience Member: .,It’d be a winner,0.3209979832172394
"The President: Lincoln Riley, and innocent young woman who was killed by an illegal.",innocent young woman who was killed by an illegal,0.008262942545115948
"That's right, but how many thousands of people are being killed by illegals.",how many thousands of people are being killed by illegals,0.19619408249855042
"To her parents, I say -- my heart goes out to you, having lost children myself.",To her parents,0.09327301383018494
"But look, if we change the dynamic at the border, people pay these smugglers 8,000 bucks to get across the border, because they know if they get by, if they get by and let into the country it's six to eight years before they have a hearing.",if we change the dynamic at the border,0.026782916858792305
"And it's worth them taking the change at $8,000.","it's worth them taking the change at $8,000.",0.008286494761705399
"But if it's only six weeks, the idea is that it's highly unlikely that people pay that money and come all that way knowing that they'll be kicked out quickly.",if it's only six weeks,0.08721692115068436
"Folks, I would respectively suggest my Republican friends owe it to the American people to get this bill done.",owe it to the American people to get this bill done,0.09948676824569702
We need to act now.,We need to act now.,0.0024574080016463995
"And if my predecessor is watching instead of playing politics and pressuring members of Congress to block this bill, join me in telling Congress to pass it!",pressuring members of Congress to block this bill,0.012071485631167889
We can do it together.,We can do it together,0.12164255976676941
But that's apparently what he will not do.,he will not do,0.28713637590408325
"I will not demonize immigrants saying they ""poison the blood of our country"" as he said in his own words.",poison the blood of our country,0.18345016241073608
I will not separate families.,I will not separate families,0.6750665307044983
I will not ban people because of their faith.,I will not ban people because of their faith,0.355471134185791
"Unlike my predecessor, on my first day in office I introduced a comprehensive bill to fix our immigration system -- take a look at it.",I introduced a comprehensive bill to fix our immigration system,0.020086288452148438
It has all these and more.,It has all these and more,0.05047222599387169
"Secure the border, and provide a pathway to citizenship for Dreamers and so much more.",Secure the border,0.24020765721797943
"Because unlike my predecessor, I know who we are as Americans.",I know who we are as Americans,0.21182535588741302
We are the only nation in the world with a heart and soul that draws from old and new.,We are the only nation in the world,0.026753168553113937
Home to Native Americans whose ancestors have been here for thousands of years.,Home to Native Americans,0.05185907334089279
Home to people from every place on Earth.,Home to people from every place on Earth,0.462767094373703
Some came in chains.,Some came in chains,0.07007558643817902
"Some came when famine struck, like my ancestral family in Ireland.",famine,0.02553555555641651
Some to flee persecution.,Some to flee persecution,0.22079187631607056
To chase dreams that are impossible anywhere but here in America.,To chase dreams that are impossible anywhere but here in America,0.27646616101264954
"That’s America, where we all come from somewhere, but we are all Americans.",we are all Americans,0.062215518206357956
"Looks folks, we have a simple choice.",we have a simple choice,0.1471102237701416
"We can fight about the border, or we can fix it.",we can fix it,0.03779533877968788
I’m ready to fix it.,I’m ready to fix it.,0.02544208988547325
Send me the border bill now!,border bill,0.004918431863188744
"A transformational moment in our history happened 59 years ago today in Selma, Alabama.",transformational moment in our history,0.0011175975669175386
"Hundreds of foot soldiers for justice marched across the Edmund Pettus Bridge, named after a Grand Dragon of the KKK, to claim their fundamental right to vote.",fundamental right to vote,0.004903999622911215
"They were beaten, they were bloodied and left for dead.","They were beaten, they were bloodied and left for dead",0.15431882441043854
Our late friend and former colleague John Lewis was on that march.,John Lewis,0.05379670113325119
"Joining us tonight are other marchers, both in the gallery and on the floor, including Betty May Fikes, known as the ""Voice of Selma"".",Voice of Selma,0.0050036972388625145
"A daughter of gospel singers and preachers, she sang songs of prayer and protest on that Bloody Sunday, to help shake the nation’s conscience.",Bloody Sunday,0.0029279449954628944
"Five months later, the Voting Rights Act was signed into law.",Voting Rights Act,0.007756290957331657
"Thank you, thank you, thank you.","Thank you, thank you, thank you",0.20670635998249054
"But 59 years later, there are forces taking us back in time.",there are forces taking us back in time,0.015885822474956512
John Lewis was a great friend to many of us here.,John Lewis,0.02802705205976963
"But if you truly want to honor him and all the heroes who marched with him, then it’s time for more than just talk.",it’s time for more than just talk,0.05292882025241852
"Pass the Freedom to Vote Act, the John Lewis Voting Rights Act!","Pass the Freedom to Vote Act, the John Lewis Voting Rights Act",0.09569600969552994
And stop denying another core value of America our diversity across American life.,our diversity,0.03454538434743881
"Instead of erasing history, let’s make history!",erasing history,0.007701952010393143
I want to protect other fundamental rights!,I want to protect other fundamental rights,0.07506847381591797
"Pass the Equality Act, and my message to transgender Americans: I have your back!",I have your back,0.053391531109809875
Pass the PRO Act for workers rights!,Pass the PRO Act for workers rights,0.007249928079545498
And raise the federal minimum wage because every worker has the right to earn a decent living more than seven bucks and hour.,raise the federal minimum wage,0.23461215198040009
"We are also making history by confronting the climate crisis, not denying it.",not denying it,0.03244683891534805
I don't think any of you think there's no longer a climate crisis.,I don't think any of you think there's no longer a climate crisis,0.02400052361190319
At least I hope you don't.,At least I hope you don't,0.06189119443297386
I’m taking the most significant action ever on climate ever in the history of the world.,I’m taking the most significant action ever on climate,0.0859057605266571
I am cutting our carbon emissions in half by 2030.,I am cutting our carbon emissions in half by 2030,0.2925744950771332
"Creating tens of thousands of clean-energy jobs, like the IBEW workers building and installing 500,000 electric vehicle charging stations.",Creating tens of thousands of clean-energy jobs,0.28548339009284973
Conserving 30 percent of America’s lands and waters by 2030.,Conserving 30 percent of America’s lands and waters by 2030,0.4407181441783905
Taking historic action on environmental justice for fence-line communities smothered by the legacy of pollution.,Taking historic action on environmental justice,0.12183091789484024
"And patterned after the Peace Corps and Ameri Corps, I’ve launched a Climate Corps to put 20,000 young people to work in the forefront of our clean energy future.",I’ve launched a Climate Corps,0.005336870439350605
I’ll triple that number this decade.,I’ll triple that number this decade,0.030749117955565453
"To state the obvious, all Americans deserve the freedom to be safe, and America is safer today than when I took office.",all Americans deserve the freedom to be safe,0.2537990212440491
"The year before I took office, murders rats went up 30 percent, 30 percent they went up, the biggest increase in history.",murders rats went up 30 percent,0.017627600580453873
"It was then through my American Rescue Plan, which every Republican voted against, I’ve made the largest investment in public safety ever.",I’ve made the largest investment in public safety ever,0.08108234405517578
"Last year, the murder rate saw the sharpest decrease in history, and violent crime fell to one of the lowest levels in more than 50 years.",the murder rate saw the sharpest decrease in history,0.0021860525012016296
But we have more to do.,we have more to do.,0.0013932953588664532
"Help cities invest in more community police officers, more mental health workers, and more community violence intervention.",Help cities invest in more community police officers,0.1597737818956375
"Give communities the tools to crack down on gun crime, retail crime, and carjacking.",Give communities the tools to crack down on gun crime,0.0606633685529232
"Keep building public trust, as I’ve been doing by taking executive action on police reform, and calling for it to be the law of the land, directing my Cabinet to review the federal classification of marijuana, and expunging thousands of convictions for mere possession, because no one should be jailed for using or have it on their record!",no one should be jailed for using or have it on their record,0.03324646130204201
"To take on crimes of domestic violence, I am ramping up federal enforcement of the Violence Against Women Act, that I proudly wrote when I was a Senator, so we can finally end the scourge of violence against women in America!",Violence Against Women Act,0.08412723988294601
And there’s another kind of violence I want to stop.,violence,0.013987834565341473
"With us tonight is Jasmine, whose 9-year-old sister Jackie was murdered with 21 classmates and teachers at her elementary school in Uvalde, Texas.",murdered,0.0015912727685645223
"Very soon after it happened, Jill and I went to Uvalde for a couple days.",Jill and I went to Uvalde for a couple days.,0.001960405148565769
We spent hours and hours with the families.,We spent hours and hours with the families.,0.0017716402653604746
"We heard their message, so should everyone in this room, in this chamber could hear the same message. meeting with every family.",meeting with every family,0.03705744817852974
"They said, ""Do something!",Do something!,0.39171746373176575
"Well, I did do something by establishing the first-ever Office of Gun Violence Prevention in the White House that Vice President Harris is leading the charge.",Vice President Harris is leading the charge,0.0341181606054306
Thank you for doing it.,Thank you for doing it.,0.01150896679610014
"Meanwhile, my predecessor told the NRA he’s proud he did nothing on guns when he was President.",he did nothing on guns,0.025028975680470467
"After another school shooting in Iowa, recently he said, when asked what to do about it, he said ""just get over it.""","just get over it.""",0.19894398748874664
"That's his quote. ""Just get over it."" I say we stop it!","Just get over it.""",0.17926059663295746
"Stop it, stop it, stop it!","Stop it, stop it, stop it!",0.18339499831199646
I’m proud we beat the NRA when I signed the most significant gun safety law in nearly 30 years because of this Congress.,I’m proud we beat the NRA,0.01615302823483944
Now we must beat the NRA again!,Now we must beat the NRA,0.0007978460052981973
I’m demanding a ban on assault weapons and high-capacity magazines!,a ban on assault weapons,0.02879471704363823
Pass universal background checks!,Pass universal background checks,0.1816672533750534
"None of this, none of this -- I taught the Second Amendment for 12 years -- none of this violates the Second Amendment or vilifies responsible gun owners.",None of this,0.03869408369064331
"You know, as we manage challenges at home, we’re also managing crises abroad including in the Middle East.",challenges,0.0042221457697451115
"I know the last five months have been gut-wrenching for so many people, for the Israeli people, the Palestinian people, and so many here in America.",gut-wrenching,0.007173117715865374
"This crisis began on October 7th with a massacre by the terrorist group Hamas as you all know. 1,200 innocent people women and girls men and boys slaughtered, many enduring sexual violence.",sexual violence,0.007742737885564566
The deadliest day for the Jewish people since the Holocaust and 250 hostages taken.,The deadliest day for the Jewish people since the Holocaust,0.01460658386349678
Here in the chamber tonight are American families whose loved ones are still being held by Hamas.,Hamas,0.0015761906979605556
I pledge to all the families that we will not rest until we bring every one of your loved ones home.,we will not rest until we bring every one of your loved ones home,0.046596892178058624
"We will also work around the clock to bring home Evan and Paul, Americans being unjustly detained by the Russians and others around the world.",unjustly detained by the Russians and others around the world.,0.003313025226816535
Israel has a right to go after Hamas.,Israel has a right to go after Hamas,0.4271237254142761
"Hamas could end this conflict today by releasing the hostages, laying down arms, could end it by releasing hostages, laying down arms and surrendering those responsible for October 7th.",Hamas could end this conflict today by releasing the hostages,0.01996244117617607
"Israel has an added burden because Hamas hides and operates among the civilian population like cowards under hospitals, daycare centers and all the like.",Israel has an added burden,0.02308480069041252
Israel also has a fundamental responsibility though to protect innocent civilians in Gaza.,Israel also has a fundamental responsibility though to protect innocent civilians in Gaza.,0.020404169335961342
This war has taken a greater toll on innocent civilians than all previous wars in Gaza combined.,This war has taken a greater toll on innocent civilians,0.11833938956260681
"More than 30,000 Palestinians have been killed.","More than 30,000 Palestinians have been killed",0.004502502270042896
Most of whom are not Hamas.,Most of whom are not Hamas,0.14375461637973785
Thousands and thousands are innocent women and children.,Thousands and thousands are innocent women and children,0.22501128911972046
Girls and boys also orphaned.,orphaned,0.08627056330442429
Nearly 2 million more Palestinians under bombardment or displacement.,Nearly 2 million more Palestinians under bombardment or displacement,0.16451303660869598
"Homes destroyed, neighborhoods in rubble, cities in ruin.","Homes destroyed, neighborhoods in rubble, cities in ruin",0.16981105506420135
"Families without food, water, medicine.","Families without food, water, medicine",0.5475960969924927
"I’ve been working non-stop to establish an immediate ceasefire that would last for at least six weeks to get all the prisoners released, all the hostages released.",ceasefire,0.015002514235675335
"It would get the hostages home, ease the intolerable humanitarian crisis, and build toward something more enduring.",It would get the hostages home,0.22319963574409485
The United States has been leading international efforts to get more humanitarian assistance into Gaza.,The United States has been leading international efforts to get more humanitarian assistance into Gaza,0.0017883885884657502
"Tonight, I’m directing the U.S. military to lead an emergency mission to establish a temporary pier in the Mediterranean on the coast of Gaza that can receive large ships carrying food, water, medicine and temporary shelters.",U.S. military to lead an emergency mission,0.0005971702048555017
No U.S. boots will be on the ground.,No U.S. boots will be on the ground,0.01857595331966877
This temporary pier would enable a massive increase in the amount of humanitarian assistance getting into Gaza every day.,This temporary pier would enable a massive increase in the amount of humanitarian assistance,0.03409052640199661
And Israel must also do its part.,Israel must also do its part.,0.023819662630558014
Israel must allow more aid into Gaza and ensure that humanitarian workers aren’t caught in the cross fire.,Israel must allow more aid into Gaza,0.11282245069742203
They're announcing they're going to -- a crossing in northern Gaza.,They're announcing they're going to -- a crossing in northern Gaza,0.10941984504461288
To the leadership of Israel I say this.,To the leadership of Israel,0.20421579480171204
Humanitarian assistance cannot be a secondary consideration or a bargaining chip.,Humanitarian assistance,0.1737588793039322
Protecting and saving innocent lives has to be a priority.,Protecting and saving innocent lives has to be a priority,0.05068488419055939
"As we look to the future, the only real solution is a two-state solution over time.",the only real solution is a two-state solution over time,0.02452836185693741
"And I say this as a lifelong supporter of Israel, my entire career -- no one has a stronger record with this than I do.",lifelong supporter of Israel,0.1312698870897293
I challenge any of you hear.,I challenge any of you hear,0.22378787398338318
I'm the only American president to visit Israel in wartime.,I'm the only American president to visit Israel in wartime,0.017051339149475098
There is no other path that guarantees Israel’s security and democracy.,There is no other path that guarantees Israel’s security and democracy,0.27794909477233887
There is no other path that guarantees Palestinians can live with peace and dignity.,There is no other path that guarantees Palestinians can live with peace and dignity,0.26056498289108276
"There is no other path that guarantees peace between Israel and all of its neighbors, including Saudi Arabia, with whom I’m talking.",There is no other path that guarantees peace between Israel,0.16264492273330688
Creating stability in the Middle East also means containing the threat posed by Iran.,Creating stability in the Middle East also means containing the threat posed by Iran,0.20523980259895325
That’s why I built a coalition of more than a dozen countries to defend international shipping and freedom of navigation in the Red Sea.,defend international shipping and freedom of navigation in the Red Sea,0.0069324299693107605
I’ve ordered strikes to degrade Houthi capabilities and defend U.S.,I’ve ordered strikes to degrade Houthi capabilities,0.019881589338183403
Forces in the region.,Forces in the region,0.4812696576118469
"As Commander in Chief, I will not hesitate to direct further measures to protect our people and military personnel.",protect our people and military personnel,0.003312979592010379
"For years, all I’ve heard from my Republican and Democratic friends say that China’s on the rise and America is falling behind.",China’s on the rise and America is falling behind,0.18568499386310577
They’ve got it backwards.,They’ve got it backwards,0.4080480933189392
"I've been saying it for over four years, even when I wasn't President.",I've been saying it for over four years,0.05280102416872978
We have the best economy in the world.,We have the best economy in the world,0.27401405572891235
"Since I’ve come to office, our GDP is up.",our GDP is up,0.27363377809524536
And our trade deficit with China is down to the lowest point in over a decade.,our trade deficit with China,0.03595021367073059
We’re standing up against China’s unfair economic practices.,We’re standing up against China’s unfair economic practices,0.08507046103477478
We're standing up for peace and stability across the Taiwan Strait.,We're standing up for peace and stability,0.08624259382486343
I’ve revitalized our partnerships and alliances in the Pacific.,I’ve revitalized our partnerships and alliances in the Pacific,0.25568264722824097
"India, Australia, Japan, South Korea, Pacific Islands.","India, Australia, Japan, South Korea, Pacific Islands",0.027195317670702934
"I’ve made sure that the most advanced American technologies can’t be used in China, not allowing to trade them there.",the most advanced American technologies can’t be used in China,0.01162935420870781
"Frankly for all his tough talk on China, it never occurred to my predecessor to do any that.",tough talk on China,0.11316283792257309
"We want competition with China, but not conflict.",We want competition with China,0.09229779243469238
And we’re in a stronger position to win the competition for the 21st Century against China or anyone else for that matter.,a stronger position to win the competition for the 21st Century,0.009021525271236897
Than any time as well.,any time as well.,0.001379419001750648
Here at home I’ve signed over 400 bipartisan bills.,bipartisan bills,0.0011324904626235366
But there’s more to do to pass my Unity Agenda.,there’s more to do to pass my Unity Agenda,0.004692798480391502
Strengthen penalties on fentanyl trafficking.,Strengthen penalties on fentanyl trafficking,0.5747764706611633
"You don’t want to do that, huh?",You don’t want to do that,0.016017068177461624
Pass bipartisan privacy legislation to protect our children online.,Pass bipartisan privacy legislation to protect our children online,0.11812397092580795
Harness the promise of A.I. and protect us from its peril.,Harness the promise of A.I. and protect us from its peril,0.3030098080635071
Ban A.I. voice impersonations and more!,Ban A.I. voice impersonations,0.00011938323586946353
"And keep our one truly sacred obligation, to train and equip those we send into harm’s way and care for them and their families when they come home, and when they don’t.",keep our one truly sacred obligation,0.020006172358989716
"That’s why with the strong support and help from Dennis at the VA, I signed the PACT Act, one of the most significant laws ever, helping millions of veterans who were exposed to toxins and who now are battling more than 100 different cancers.",I signed the PACT Act,0.0008368905982933939
Many of them didn’t come home.,Many of them didn’t come home,0.3205404281616211
We owe them and their families support.,We owe them and their families support,0.261477530002594
And we owe it to ourselves to keep supporting our new health research agency called ARPA-H and remind us that we can do big things like end cancer as we know it!,end cancer,0.00041657002293504775
Let me close with this.,Let me close with this.,0.004683318082243204
Audience: The President: Yay!,Yay!,0.05616062507033348
"I know you don't want hear any more Lindsay, but I got to say a few more things.",Lindsay,0.07372015714645386
"I know I may not look like it, but I’ve been around a while.",I’ve been around a while,0.004106192383915186
And when you get to be my age certain things become clearer than ever before.,when you get to be my age,0.010268004611134529
I know the American story.,I know the American story,0.025493381544947624
Again and again I’ve seen the contest between competing forces in the battle for the soul of our nation.,the soul of our nation,0.009527057409286499
Between those who want to pull America back to the past and those who want to move America into the future.,Between those who want to pull America back to the past,0.06373155117034912
My lifetime has taught me to embrace freedom and democracy.,freedom and democracy,0.03302145004272461
A future based on the core values that have defined America.,A future based on the core values that have defined America,0.4719789922237396
To give everyone a fair shot.,To give everyone a fair shot,0.6870887875556946
To give hate no safe harbor.,To give hate no safe harbor,0.5203028321266174
Now other people my age see it differently.,other people my age see it differently.,0.02092709392309189
"An American story of resentment, revenge, and retribution.","An American story of resentment, revenge, and retribution",0.06765245646238327
I was born amid World War II when America stood for freedom in the world.,freedom in the world,0.004730533342808485
"I grew up in Scranton, Pennsylvania and Claymont, Delaware among working people who built this country.",working people who built this country.,0.00020160734129603952
"I watched in horror as two of my heroes, like many of you did, Dr.",Dr.,4.139162410865538e-05
"King and Bobby Kennedy, were assassinated and their legacies inspired me to pursue a career in service.",assassinated,0.05309176445007324
"I left a law firm, became a public defender because my city of Wilmington was the only city in America occupied by the National Guard after Dr.","I left a law firm, became a public defender",0.0016624104464426637
King was assassinate because of the rights.,because of the rights,0.2059711515903473
I became a count county councilman almost by accident.,I became a count county councilman,0.045882560312747955
"I got elected to the United States when I had no intention of running at age 29, then Vice President, to our first Black President, now President to first woman Vice President.",I got elected to the United States when I had no intention of running,0.018991786986589432
"In my career I’ve been told I’m too young -- by the way, they didn't let me on the Senate elevators for vote sometimes.",I’m too young,0.26956456899642944
And I've been told I’m too old.,I’m too old,0.18705742061138153
"Whether young or old, I’ve always known what endures.",what endures,0.01723889447748661
I've known our North Star.,I've known our North Star.,0.0008190831285901368
"The very idea of America, that we are all created equal and deserve to be treated equally throughout our lives.","The very idea of America, that we are all created equal",0.1177482157945633
"We’ve never fully lived up to that idea, but we’ve never walked away from it either.",We’ve never fully lived up to that idea,0.16273333132266998
And I won’t walk away from it now.,I won’t walk away from it now.,0.007943789474666119
My fellow Americans the issue facing our nation isn’t how old we are it’s how old our ideas are?,how old our ideas are?,0.006939760874956846
"Hate, anger, revenge, retribution are the oldest of ideas.",retribution are the oldest of ideas,0.030550241470336914
But you can’t lead America with ancient ideas that only take us back.,ancient ideas that only take us back,0.020618176087737083
"To lead America, the land of possibilities, you need a vision for the future of what America can and should be.","To lead America, the land of possibilities",0.04166506230831146
Tonight you’ve heard mine.,Tonight you’ve heard mine,0.007680963259190321
"I see a future where defending democracy, you don't diminish it.",defending democracy,0.13212312757968903
I see a future where we restore the right to choose and protect other freedoms not take them away.,I see a future where we restore the right to choose and protect other freedoms,0.05711379274725914
I see a future where the middle class finally has a fair shot and the wealthy finally have to pay their fair share in taxes.,I see a future where the middle class finally has a fair shot,0.05131358280777931
I see a future where we save the planet from the climate crisis and our country from gun violence.,I see a future where we save the planet from the climate crisis,0.04102455824613571
"Above all, I see a future for all Americans!",I see a future for all Americans,0.13830721378326416
I see a country for all Americans!,I see a country for all Americans,0.16545940935611725
And I will always be a president for all Americans!,I will always be a president for all Americans,0.011281296610832214
Because I believe in America!,Because I believe in America,0.19136904180049896
I believe in you the American people.,I believe in you the American people,0.5516069531440735
You’re the reason I’ve never been more optimistic about our future than I am now.,optimistic about our future,0.04476654529571533
So let’s build that future together!,So let’s build that future together,0.0011723903007805347
Let’s remember who we are!,Let’s remember who we are!,3.6170742532704026e-05
We are the United States of America.,We are the United States of America,0.5205586552619934
"There is nothing, nothing beyond our capacity when we act together!","There is nothing, nothing beyond our capacity when we act together!",0.0903027132153511
May God bless you all.,May God bless you all.,0.02456057444214821
And may God protect our troops.,may God protect our troops,0.016703300178050995
"Thank you, thank you, thank you.","Thank you, thank you, thank you",0.20670635998249054
